<?xml version="1.0" encoding="utf-8"?>
<plan name="5日游" begindate="NULL" enddate="NULL" arrive="1" leave="0" days="5" interest="17">
<day day="1">
<section section="0" begin="21600" end="43200" dinner="false">
</section>
<section section="1" begin="39600" end="46800" dinner="true">
</section>
<section section="2" begin="43200" end="64800" dinner="false">
<item mapid="175" id="451" type="1" comment="同里" day="1" begin="50400" end="64800"/>
</section>
<section section="3" begin="61200" end="68400" dinner="true">
</section>
<section section="4" begin="64800" end="86400" dinner="false">
<item mapid="729" id="335" type="1" comment="盘门" day="1" begin="72000" end="75600"/>
</section>
</day>

<day day="2">
<section section="0" begin="21600" end="43200" dinner="false">
<item mapid="74" id="295" type="1" comment="拙政园" day="2" begin="28800" end="37800"/>
<item mapid="76" id="296" type="1" comment="狮子林" day="2" begin="37800" end="45000"/>
</section>
<section section="1" begin="39600" end="46800" dinner="true">
<item mapid="139" id="528" type="2" comment="吴门人家(潘儒巷店)" day="2" begin="45000" end="48600"/>
</section>
<section section="2" begin="43200" end="64800" dinner="false">
<item mapid="124" id="350" type="1" comment="苏州博物馆" day="2" begin="48600" end="52200"/>
<item mapid="146" id="352" type="1" comment="苏州动物园" day="2" begin="55800" end="59400"/>
<item mapid="88" id="282" type="5" comment="平江路步行街" day="2" begin="61200" end="68400"/>
</section>
<section section="3" begin="61200" end="68400" dinner="true">
</section>
<section section="4" begin="64800" end="86400" dinner="false">
</section>
</day>

<day day="3">
<section section="0" begin="21600" end="43200" dinner="false">
<item mapid="123" id="349" type="1" comment="苏州乐园" day="3" begin="32400" end="43200"/>
</section>
<section section="1" begin="39600" end="46800" dinner="true">
</section>
<section section="2" begin="43200" end="64800" dinner="false">
<item mapid="145" id="351" type="1" comment="苏州大学" day="3" begin="50400" end="57600"/>
<item mapid="73" id="294" type="1" comment="金鸡湖" day="3" begin="61200" end="68400"/>
</section>
<section section="3" begin="61200" end="68400" dinner="true">
</section>
<section section="4" begin="64800" end="86400" dinner="false">
</section>
</day>

<day day="4">
<section section="0" begin="21600" end="43200" dinner="false">
<item mapid="80" id="315" type="1" comment="虎丘" day="4" begin="32400" end="39600"/>
<item mapid="112" id="344" type="1" comment="山塘街" day="4" begin="39600" end="46800"/>
</section>
<section section="1" begin="39600" end="46800" dinner="true">
</section>
<section section="2" begin="43200" end="64800" dinner="false">
<item mapid="100" id="268" type="4" comment="采芝斋苏式糖果" day="4" begin="50400" end="52200"/>
<item mapid="97" id="267" type="4" comment="叶受和食品商店" day="4" begin="52200" end="55800"/>
<item mapid="81" id="262" type="4" comment="黄天源糕团(总店)" day="4" begin="55800" end="57600"/>
<item mapid="75" id="258" type="4" comment="观前街(商业步行街)" day="4" begin="57600" end="63000"/>
</section>
<section section="3" begin="61200" end="68400" dinner="true">
</section>
<section section="4" begin="64800" end="86400" dinner="false">
</section>
</day>

<day day="5">
<section section="0" begin="21600" end="43200" dinner="false">
<item mapid="84" id="334" type="1" comment="枫桥" day="5" begin="30477" end="34077"/>
<item mapid="108" id="273" type="4" comment="石路国际商城" day="5" begin="35822" end="41222"/>
</section>
<section section="1" begin="39600" end="46800" dinner="true">
</section>
<section section="2" begin="43200" end="64800" dinner="false">
</section>
<section section="3" begin="61200" end="68400" dinner="true">
</section>
<section section="4" begin="64800" end="86400" dinner="false">
</section>
</day>

</plan>