<?xml version="1.0" encoding="utf-8"?>
<plan name="6日游" begindate="NULL" enddate="NULL" arrive="0" leave="0" days="6" interest="11">
<day day="1">
<section section="0" begin="21600" end="43200" dinner="false">
<item mapid="80" id="315" type="1" comment="虎丘" day="1" begin="28800" end="36000"/>
<item mapid="112" id="344" type="1" comment="山塘街" day="1" begin="36000" end="43200"/>
</section>
<section section="1" begin="39600" end="46800" dinner="true">
<item  id="805" type="2" comment="尚品茶餐厅" day="1" begin="43200" end="46800"/>
</section>
<section section="2" begin="43200" end="64800" dinner="false">
<item mapid="77" id="300" type="1" comment="留园" day="1" begin="45000" end="52200"/>
<item mapid="82" id="316" type="1" comment="寒山寺" day="1" begin="55800" end="63000"/>
</section>
<section section="3" begin="61200" end="68400" dinner="true">
</section>
<section section="4" begin="64800" end="86400" dinner="false">
<item mapid="729" id="335" type="1" comment="盘门" day="1" begin="70200" end="73800"/>
</section>
</day>

<day day="2">
<section section="0" begin="21600" end="43200" dinner="false">
<item mapid="663" id="452" type="1" comment="周庄" day="2" begin="30600" end="52200"/>
</section>
<section section="1" begin="39600" end="46800" dinner="true">
</section>
<section section="2" begin="43200" end="64800" dinner="false">
<item mapid="720" id="451" type="1" comment="同里" day="2" begin="64800" end="75600"/>
</section>
<section section="3" begin="61200" end="68400" dinner="true">
</section>
<section section="4" begin="64800" end="86400" dinner="false">
</section>
</day>

<day day="3">
<section section="0" begin="21600" end="43200" dinner="false">
<item mapid="74" id="295" type="1" comment="拙政园" day="3" begin="32400" end="41400"/>
</section>
<section section="1" begin="39600" end="46800" dinner="true">
<item mapid="139" id="528" type="2" comment="吴门人家(潘儒巷店)" day="3" begin="41400" end="45000"/>
</section>
<section section="2" begin="43200" end="64800" dinner="false">
<item mapid="76" id="296" type="1" comment="狮子林" day="3" begin="45000" end="52200"/>
<item mapid="88" id="282" type="5" comment="平江路步行街" day="3" begin="54000" end="61200"/>
<item mapid="73" id="294" type="1" comment="金鸡湖" day="3" begin="64800" end="77400"/>
</section>
<section section="3" begin="61200" end="68400" dinner="true">
</section>
<section section="4" begin="64800" end="86400" dinner="false">
</section>
</day>

<day day="4">
<section section="0" begin="21600" end="43200" dinner="false">
<item mapid="666" id="474" type="1" comment="灵岩山风景区" day="4" begin="30600" end="41400"/>
</section>
<section section="1" begin="39600" end="46800" dinner="true">
<item mapid="133" id="517" type="2" comment="灵岩山寺素面部" day="4" begin="41400" end="43200"/>
</section>
<section section="2" begin="43200" end="64800" dinner="false">
<item mapid="665" id="457" type="1" comment="木渎" day="4" begin="43200" end="57600"/>
<item mapid="75" id="258" type="4" comment="观前街(商业步行街)" day="4" begin="64800" end="70200"/>
</section>
<section section="3" begin="61200" end="68400" dinner="true">
</section>
<section section="4" begin="64800" end="86400" dinner="false">
</section>
</day>

<day day="5">
<section section="0" begin="21600" end="43200" dinner="false">
<item mapid="79" id="306" type="1" comment="沧浪亭" day="5" begin="28800" end="36000"/>
<item mapid="91" id="285" type="5" comment="十全街(休闲街)" day="5" begin="36000" end="43200"/>
</section>
<section section="1" begin="39600" end="46800" dinner="true">
</section>
<section section="2" begin="43200" end="64800" dinner="false">
<item mapid="95" id="294" type="5" comment="光裕社" day="5" begin="46800" end="54000"/>
</section>
<section section="3" begin="61200" end="68400" dinner="true">
<item mapid="128" id="508" type="2" comment="同得兴精品奥面馆" day="5" begin="61200" end="64800"/>
</section>
<section section="4" begin="64800" end="86400" dinner="false">
<item mapid="214" id="339" type="1" comment="网师园" day="5" begin="68400" end="75600"/>
</section>
</day>

<day day="6">
<section section="0" begin="21600" end="43200" dinner="false">
<item mapid="84" id="334" type="1" comment="枫桥" day="6" begin="30477" end="34077"/>
<item mapid="123" id="349" type="1" comment="苏州乐园" day="6" begin="35488" end="40365"/>
</section>
<section section="1" begin="39600" end="46800" dinner="true">
</section>
<section section="2" begin="43200" end="64800" dinner="false">
</section>
<section section="3" begin="61200" end="68400" dinner="true">
</section>
<section section="4" begin="64800" end="86400" dinner="false">
</section>
</day>

</plan>