<?xml version="1.0" encoding="utf-8"?>
<plan name="2日游" begindate="NULL" enddate="NULL" arrive="0" leave="1" days="2" interest="17">
<day day="1">
<section section="0" begin="21600" end="43200" dinner="false">
<item mapid="74" id="295" type="1" comment="拙政园" day="1" begin="28800" end="37800"/>
<item mapid="124" id="350" type="1" comment="苏州博物馆" day="1" begin="37800" end="41400"/>
</section>
<section section="1" begin="39600" end="46800" dinner="true">
<item mapid="139" id="528" type="2" comment="吴门人家(潘儒巷店)" day="1" begin="41400" end="45000"/>
</section>
<section section="2" begin="43200" end="64800" dinner="false">
<item mapid="146" id="352" type="1" comment="苏州动物园" day="1" begin="48600" end="52200"/>
<item mapid="88" id="282" type="5" comment="平江路步行街" day="1" begin="54000" end="61200"/>
</section>
<section section="3" begin="61200" end="68400" dinner="true">
<item  id="514" type="2" comment="陆稿荐(卤菜小吃店)" day="1" begin="61200" end="64800"/>
</section>
<section section="4" begin="64800" end="86400" dinner="false">
<item mapid="75" id="258" type="4" comment="观前街(商业步行街)" day="1" begin="64800" end="70200"/>
</section>
</day>

<day day="2">
<section section="0" begin="21600" end="43200" dinner="false">
<item mapid="123" id="349" type="1" comment="苏州乐园" day="2" begin="32400" end="43200"/>
</section>
<section section="1" begin="39600" end="46800" dinner="true">
</section>
<section section="2" begin="43200" end="64800" dinner="false">
<item mapid="80" id="315" type="1" comment="虎丘" day="2" begin="50400" end="57600"/>
<item mapid="112" id="344" type="1" comment="山塘街" day="2" begin="57600" end="64800"/>
</section>
<section section="3" begin="61200" end="68400" dinner="true">
</section>
<section section="4" begin="64800" end="86400" dinner="false">
</section>
</day>

</plan>