<?xml version="1.0" encoding="utf-8"?>
<plan name="3日游" begindate="NULL" enddate="NULL" arrive="1" leave="1" days="3" interest="11">
<day day="1">
<section section="0" begin="21600" end="43200" dinner="false">
</section>
<section section="1" begin="39600" end="46800" dinner="true">
</section>
<section section="2" begin="43200" end="64800" dinner="false">
<item mapid="175" id="451" type="1" comment="同里" day="1" begin="50400" end="64800"/>
</section>
<section section="3" begin="61200" end="68400" dinner="true">
</section>
<section section="4" begin="64800" end="86400" dinner="false">
<item mapid="729" id="335" type="1" comment="盘门" day="1" begin="72000" end="75600"/>
<item mapid="81" id="262" type="4" comment="黄天源糕团(总店)" day="1" begin="77054" end="78854"/>
</section>
</day>

<day day="2">
<section section="0" begin="21600" end="43200" dinner="false">
<item mapid="74" id="295" type="1" comment="拙政园" day="2" begin="28800" end="37800"/>
<item mapid="124" id="350" type="1" comment="苏州博物馆" day="2" begin="37800" end="41400"/>
</section>
<section section="1" begin="39600" end="46800" dinner="true">
<item mapid="139" id="528" type="2" comment="吴门人家(潘儒巷店)" day="2" begin="41400" end="45000"/>
</section>
<section section="2" begin="43200" end="64800" dinner="false">
<item mapid="76" id="296" type="1" comment="狮子林" day="2" begin="45000" end="52200"/>
<item mapid="88" id="282" type="5" comment="平江路步行街" day="2" begin="54000" end="61200"/>
</section>
<section section="3" begin="61200" end="68400" dinner="true">
<item  id="801" type="2" comment="品芳茶社" day="2" begin="61200" end="64800"/>
</section>
<section section="4" begin="64800" end="86400" dinner="false">
<item mapid="91" id="285" type="5" comment="十全街(休闲街)" day="2" begin="63000" end="70200"/>
<item mapid="214" id="339" type="1" comment="网师园" day="2" begin="70200" end="77400"/>
</section>
</day>

<day day="3">
<section section="0" begin="21600" end="43200" dinner="false">
<item mapid="80" id="315" type="1" comment="虎丘" day="3" begin="32400" end="39600"/>
<item mapid="112" id="344" type="1" comment="山塘街" day="3" begin="39600" end="46800"/>
</section>
<section section="1" begin="39600" end="46800" dinner="true">
</section>
<section section="2" begin="43200" end="64800" dinner="false">
<item mapid="84" id="334" type="1" comment="枫桥" day="3" begin="50400" end="54000"/>
<item mapid="82" id="316" type="1" comment="寒山寺" day="3" begin="54000" end="61200"/>
<item mapid="75" id="258" type="4" comment="观前街(商业步行街)" day="3" begin="64800" end="70200"/>
</section>
<section section="3" begin="61200" end="68400" dinner="true">
</section>
<section section="4" begin="64800" end="86400" dinner="false">
</section>
</day>

</plan>