<?xml version="1.0" encoding="utf-8"?>
<plan name="1日游" begindate="NULL" enddate="NULL" arrive="0" leave="0" days="1" interest="13">
<day day="1">
<section section="0" begin="21600" end="43200" dinner="false">
<item mapid="171" id="315" type="1" comment="虎丘" day="1" begin="28800" end="36000"/>
<item mapid="112" id="344" type="1" comment="山塘街" day="1" begin="36000" end="43200"/>
</section>
<section section="1" begin="39600" end="46800" dinner="true">
<item mapid="170" id="705" type="2" comment="松鹤楼菜馆(山塘街店)" day="1" begin="43200" end="46800"/>
</section>
<section section="2" begin="43200" end="64800" dinner="false">
<item mapid="172" id="295" type="1" comment="拙政园" day="1" begin="48600" end="57600"/>
<item mapid="124" id="350" type="1" comment="苏州博物馆" day="1" begin="57600" end="61200"/>
<item mapid="121" id="347" type="1" comment="礼耕堂(卫道观前潘宅)" day="1" begin="61200" end="64800"/>
<item mapid="88" id="282" type="5" comment="平江路步行街" day="1" begin="64800" end="72000"/>
</section>
<section section="3" begin="61200" end="68400" dinner="true">
</section>
<section section="4" begin="64800" end="86400" dinner="false">
</section>
</day>

</plan>