<?xml version="1.0" encoding="utf-8"?>
<plan name="7日游" begindate="NULL" enddate="NULL" arrive="1" leave="1" days="7" interest="12">
<day day="1">
<section section="0" begin="21600" end="43200" dinner="false">
</section>
<section section="1" begin="39600" end="46800" dinner="true">
</section>
<section section="2" begin="43200" end="64800" dinner="false">
<item mapid="106" id="271" type="4" comment="观前土特产商店" day="1" begin="50225" end="53825"/>
<item mapid="146" id="352" type="1" comment="苏州动物园" day="1" begin="54499" end="58099"/>
<item mapid="81" id="262" type="4" comment="黄天源糕团(总店)" day="1" begin="58819" end="60619"/>
</section>
<section section="3" begin="61200" end="68400" dinner="true">
</section>
<section section="4" begin="64800" end="86400" dinner="false">
<item mapid="162" id="372" type="1" comment="宝带桥" day="1" begin="69973" end="71773"/>
<item mapid="161" id="371" type="1" comment="听枫园" day="1" begin="75680" end="77480"/>
</section>
</day>

<day day="2">
<section section="0" begin="21600" end="43200" dinner="false">
<item mapid="74" id="295" type="1" comment="拙政园" day="2" begin="28800" end="37800"/>
<item mapid="124" id="350" type="1" comment="苏州博物馆" day="2" begin="37800" end="41400"/>
</section>
<section section="1" begin="39600" end="46800" dinner="true">
<item mapid="139" id="528" type="2" comment="吴门人家(潘儒巷店)" day="2" begin="41400" end="45000"/>
</section>
<section section="2" begin="43200" end="64800" dinner="false">
<item mapid="83" id="283" type="5" comment="吴苑深处书场(评弹博物馆)" day="2" begin="48600" end="55800"/>
<item mapid="88" id="282" type="5" comment="平江路步行街" day="2" begin="55800" end="63000"/>
</section>
<section section="3" begin="61200" end="68400" dinner="true">
<item  id="514" type="2" comment="陆稿荐(卤菜小吃店)" day="2" begin="63000" end="66600"/>
</section>
<section section="4" begin="64800" end="86400" dinner="false">
<item mapid="75" id="258" type="4" comment="观前街(商业步行街)" day="2" begin="66600" end="72000"/>
</section>
</day>

<day day="3">
<section section="0" begin="21600" end="43200" dinner="false">
<item mapid="123" id="349" type="1" comment="苏州乐园" day="3" begin="32400" end="43200"/>
</section>
<section section="1" begin="39600" end="46800" dinner="true">
</section>
<section section="2" begin="43200" end="64800" dinner="false">
<item mapid="80" id="315" type="1" comment="虎丘" day="3" begin="50400" end="57600"/>
<item mapid="112" id="344" type="1" comment="山塘街" day="3" begin="57600" end="64800"/>
</section>
<section section="3" begin="61200" end="68400" dinner="true">
</section>
<section section="4" begin="64800" end="86400" dinner="false">
</section>
</day>

<day day="4">
<section section="0" begin="21600" end="43200" dinner="false">
<item mapid="662" id="449" type="1" comment="乌镇" day="4" begin="34200" end="59400"/>
</section>
<section section="1" begin="39600" end="46800" dinner="true">
</section>
<section section="2" begin="43200" end="64800" dinner="false">
</section>
<section section="3" begin="61200" end="68400" dinner="true">
</section>
<section section="4" begin="64800" end="86400" dinner="false">
</section>
</day>

<day day="5">
<section section="0" begin="21600" end="43200" dinner="false">
<item mapid="93" id="339" type="1" comment="网师园" day="5" begin="37800" end="45000"/>
</section>
<section section="1" begin="39600" end="46800" dinner="true">
</section>
<section section="2" begin="43200" end="64800" dinner="false">
<item mapid="145" id="351" type="1" comment="苏州大学" day="5" begin="48600" end="55800"/>
<item mapid="73" id="294" type="1" comment="金鸡湖" day="5" begin="63000" end="75600"/>
</section>
<section section="3" begin="61200" end="68400" dinner="true">
</section>
<section section="4" begin="64800" end="86400" dinner="false">
</section>
</day>

<day day="6">
<section section="0" begin="21600" end="43200" dinner="false">
<item mapid="666" id="474" type="1" comment="灵岩山风景区" day="6" begin="32400" end="43200"/>
<item mapid="665" id="457" type="1" comment="木渎" day="6" begin="43200" end="57600"/>
</section>
<section section="1" begin="39600" end="46800" dinner="true">
</section>
<section section="2" begin="43200" end="64800" dinner="false">
</section>
<section section="3" begin="61200" end="68400" dinner="true">
</section>
<section section="4" begin="64800" end="86400" dinner="false">
</section>
</day>

<day day="7">
<section section="0" begin="21600" end="43200" dinner="false">
<item mapid="86" id="335" type="1" comment="盘门" day="7" begin="29864" end="33464"/>
<item mapid="84" id="334" type="1" comment="枫桥" day="7" begin="36329" end="39929"/>
</section>
<section section="1" begin="39600" end="46800" dinner="true">
</section>
<section section="2" begin="43200" end="64800" dinner="false">
<item mapid="92" id="338" type="1" comment="天平山" day="7" begin="48460" end="59260"/>
</section>
<section section="3" begin="61200" end="68400" dinner="true">
</section>
<section section="4" begin="64800" end="86400" dinner="false">
<item mapid="91" id="285" type="5" comment="十全街(休闲街)" day="7" begin="71860" end="77481"/>
</section>
</day>

</plan>