<?xml version="1.0" encoding="utf-8"?>
<plan name="3日游" begindate="NULL" enddate="NULL" arrive="1" leave="0" days="3" interest="13">
<day day="1">
<section section="0" begin="21600" end="43200" dinner="false">
</section>
<section section="1" begin="39600" end="46800" dinner="true">
</section>
<section section="2" begin="43200" end="64800" dinner="false">
<item mapid="175" id="451" type="1" comment="同里" day="1" begin="50400" end="64800"/>
</section>
<section section="3" begin="61200" end="68400" dinner="true">
</section>
<section section="4" begin="64800" end="86400" dinner="false">
<item mapid="112" id="344" type="1" comment="山塘街" day="1" begin="72000" end="78151"/>
</section>
</day>

<day day="2">
<section section="0" begin="21600" end="43200" dinner="false">
<item mapid="177" id="414" type="1" comment="香雪海" day="2" begin="30600" end="52200"/>
</section>
<section section="1" begin="39600" end="46800" dinner="true">
</section>
<section section="2" begin="43200" end="64800" dinner="false">
<item mapid="75" id="258" type="4" comment="观前街(商业步行街)" day="2" begin="55800" end="61200"/>
<item mapid="100" id="268" type="4" comment="采芝斋苏式糖果" day="2" begin="61200" end="63000"/>
</section>
<section section="3" begin="61200" end="68400" dinner="true">
<item mapid="135" id="519" type="2" comment="朱鸿兴面馆(观前店)" day="2" begin="63000" end="64800"/>
</section>
<section section="4" begin="64800" end="86400" dinner="false">
</section>
</day>

<day day="3">
<section section="0" begin="21600" end="43200" dinner="false">
<item mapid="76" id="296" type="1" comment="狮子林" day="3" begin="30802" end="38002"/>
<item mapid="90" id="337" type="1" comment="北寺塔" day="3" begin="38399" end="40199"/>
</section>
<section section="1" begin="39600" end="46800" dinner="true">
<item mapid="143" id="533" type="2" comment="礼耕堂" day="3" begin="41057" end="43195"/>
</section>
<section section="2" begin="43200" end="64800" dinner="false">
</section>
<section section="3" begin="61200" end="68400" dinner="true">
</section>
<section section="4" begin="64800" end="86400" dinner="false">
</section>
</day>

</plan>