<?xml version="1.0" encoding="utf-8"?>
<plan name="2日游" begindate="NULL" enddate="NULL" arrive="1" leave="0" days="2" interest="17">
<day day="1">
<section section="0" begin="21600" end="43200" dinner="false">
</section>
<section section="1" begin="39600" end="46800" dinner="true">
</section>
<section section="2" begin="43200" end="64800" dinner="false">
<item mapid="175" id="451" type="1" comment="同里" day="1" begin="50400" end="64800"/>
</section>
<section section="3" begin="61200" end="68400" dinner="true">
</section>
<section section="4" begin="64800" end="86400" dinner="false">
<item mapid="729" id="335" type="1" comment="盘门" day="1" begin="72000" end="75600"/>
<item mapid="81" id="262" type="4" comment="黄天源糕团(总店)" day="1" begin="77054" end="78854"/>
</section>
</day>

<day day="2">
<section section="0" begin="21600" end="43200" dinner="false">
<item mapid="76" id="296" type="1" comment="狮子林" day="2" begin="30802" end="38002"/>
<item mapid="74" id="295" type="1" comment="拙政园" day="2" begin="38086" end="41077"/>
</section>
<section section="1" begin="39600" end="46800" dinner="true">
</section>
<section section="2" begin="43200" end="64800" dinner="false">
</section>
<section section="3" begin="61200" end="68400" dinner="true">
</section>
<section section="4" begin="64800" end="86400" dinner="false">
</section>
</day>

</plan>