<?xml version="1.0" encoding="utf-8"?>
<plan name="7日游" begindate="NULL" enddate="NULL" arrive="0" leave="0" days="7" interest="17">
<day day="1">
<section section="0" begin="21600" end="43200" dinner="false">
<item mapid="74" id="295" type="1" comment="拙政园" day="1" begin="28800" end="37800"/>
<item mapid="76" id="296" type="1" comment="狮子林" day="1" begin="37800" end="45000"/>
</section>
<section section="1" begin="39600" end="46800" dinner="true">
<item mapid="139" id="528" type="2" comment="吴门人家(潘儒巷店)" day="1" begin="45000" end="48600"/>
</section>
<section section="2" begin="43200" end="64800" dinner="false">
<item mapid="124" id="350" type="1" comment="苏州博物馆" day="1" begin="48600" end="52200"/>
<item mapid="146" id="352" type="1" comment="苏州动物园" day="1" begin="55800" end="59400"/>
<item mapid="88" id="282" type="5" comment="平江路步行街" day="1" begin="61200" end="68400"/>
</section>
<section section="3" begin="61200" end="68400" dinner="true">
</section>
<section section="4" begin="64800" end="86400" dinner="false">
</section>
</day>

<day day="2">
<section section="0" begin="21600" end="43200" dinner="false">
<item mapid="123" id="349" type="1" comment="苏州乐园" day="2" begin="32400" end="43200"/>
</section>
<section section="1" begin="39600" end="46800" dinner="true">
</section>
<section section="2" begin="43200" end="64800" dinner="false">
<item mapid="80" id="315" type="1" comment="虎丘" day="2" begin="50400" end="57600"/>
<item mapid="112" id="344" type="1" comment="山塘街" day="2" begin="57600" end="64800"/>
</section>
<section section="3" begin="61200" end="68400" dinner="true">
</section>
<section section="4" begin="64800" end="86400" dinner="false">
</section>
</day>

<day day="3">
<section section="0" begin="21600" end="43200" dinner="false">
<item mapid="719" id="451" type="1" comment="同里" day="3" begin="36000" end="50400"/>
</section>
<section section="1" begin="39600" end="46800" dinner="true">
</section>
<section section="2" begin="43200" end="64800" dinner="false">
<item mapid="73" id="294" type="1" comment="金鸡湖" day="3" begin="61200" end="73800"/>
</section>
<section section="3" begin="61200" end="68400" dinner="true">
</section>
<section section="4" begin="64800" end="86400" dinner="false">
</section>
</day>

<day day="4">
<section section="0" begin="21600" end="43200" dinner="false">
<item mapid="79" id="306" type="1" comment="沧浪亭" day="4" begin="34200" end="41400"/>
</section>
<section section="1" begin="39600" end="46800" dinner="true">
<item  id="803" type="2" comment="润裕新印象茶餐厅" day="4" begin="41400" end="45000"/>
</section>
<section section="2" begin="43200" end="64800" dinner="false">
<item mapid="91" id="285" type="5" comment="十全街(休闲街)" day="4" begin="41400" end="48600"/>
<item mapid="93" id="339" type="1" comment="网师园" day="4" begin="52200" end="59400"/>
</section>
<section section="3" begin="61200" end="68400" dinner="true">
<item  id="516" type="2" comment="采芝斋(观前街店)" day="4" begin="59400" end="63000"/>
</section>
<section section="4" begin="64800" end="86400" dinner="false">
<item mapid="75" id="258" type="4" comment="观前街(商业步行街)" day="4" begin="64800" end="70200"/>
</section>
</day>

<day day="5">
<section section="0" begin="21600" end="43200" dinner="false">
<item mapid="665" id="457" type="1" comment="木渎" day="5" begin="34200" end="48600"/>
</section>
<section section="1" begin="39600" end="46800" dinner="true">
</section>
<section section="2" begin="43200" end="64800" dinner="false">
<item mapid="145" id="351" type="1" comment="苏州大学" day="5" begin="55800" end="63000"/>
</section>
<section section="3" begin="61200" end="68400" dinner="true">
</section>
<section section="4" begin="64800" end="86400" dinner="false">
</section>
</day>

<day day="6">
<section section="0" begin="21600" end="43200" dinner="false">
<item mapid="86" id="335" type="1" comment="盘门" day="6" begin="29864" end="33464"/>
<item mapid="84" id="334" type="1" comment="枫桥" day="6" begin="36329" end="39929"/>
</section>
<section section="1" begin="39600" end="46800" dinner="true">
</section>
<section section="2" begin="43200" end="64800" dinner="false">
<item mapid="92" id="338" type="1" comment="天平山" day="6" begin="48460" end="59260"/>
</section>
<section section="3" begin="61200" end="68400" dinner="true">
</section>
<section section="4" begin="64800" end="86400" dinner="false">
<item mapid="81" id="262" type="4" comment="黄天源糕团(总店)" day="6" begin="71860" end="73660"/>
<item mapid="121" id="347" type="1" comment="礼耕堂(卫道观前潘宅)" day="6" begin="73927" end="77213"/>
</section>
</day>

<day day="7">
<section section="0" begin="21600" end="43200" dinner="false">
<item mapid="160" id="370" type="1" comment="石湖" day="7" begin="32352" end="39648"/>
</section>
<section section="1" begin="39600" end="46800" dinner="true">
</section>
<section section="2" begin="43200" end="64800" dinner="false">
</section>
<section section="3" begin="61200" end="68400" dinner="true">
</section>
<section section="4" begin="64800" end="86400" dinner="false">
</section>
</day>

</plan>