<?xml version="1.0" encoding="utf-8"?>
<plan name="3日游" begindate="NULL" enddate="NULL" arrive="1" leave="0" days="3" interest="11">
<day day="1">
<section section="0" begin="21600" end="43200" dinner="false">
</section>
<section section="1" begin="39600" end="46800" dinner="true">
</section>
<section section="2" begin="43200" end="64800" dinner="false">
<item mapid="175" id="451" type="1" comment="同里" day="1" begin="50400" end="64800"/>
</section>
<section section="3" begin="61200" end="68400" dinner="true">
</section>
<section section="4" begin="64800" end="86400" dinner="false">
<item mapid="729" id="335" type="1" comment="盘门" day="1" begin="72000" end="75600"/>
</section>
</day>

<day day="2">
<section section="0" begin="21600" end="43200" dinner="false">
<item mapid="74" id="295" type="1" comment="拙政园" day="2" begin="27000" end="36000"/>
<item mapid="76" id="296" type="1" comment="狮子林" day="2" begin="36000" end="43200"/>
</section>
<section section="1" begin="39600" end="46800" dinner="true">
</section>
<section section="2" begin="43200" end="64800" dinner="false">
<item mapid="112" id="344" type="1" comment="山塘街" day="2" begin="46800" end="54000"/>
<item mapid="80" id="315" type="1" comment="虎丘" day="2" begin="54000" end="61200"/>
</section>
<section section="3" begin="61200" end="68400" dinner="true">
<item mapid="137" id="521" type="2" comment="松鹤楼菜馆(观前店)" day="2" begin="64800" end="68400"/>
</section>
<section section="4" begin="64800" end="86400" dinner="false">
<item mapid="75" id="258" type="4" comment="观前街(商业步行街)" day="2" begin="68400" end="73800"/>
</section>
</day>

<day day="3">
<section section="0" begin="21600" end="43200" dinner="false">
<item mapid="82" id="316" type="1" comment="寒山寺" day="3" begin="30552" end="37752"/>
<item mapid="84" id="334" type="1" comment="枫桥" day="3" begin="37757" end="41357"/>
</section>
<section section="1" begin="39600" end="46800" dinner="true">
</section>
<section section="2" begin="43200" end="64800" dinner="false">
</section>
<section section="3" begin="61200" end="68400" dinner="true">
</section>
<section section="4" begin="64800" end="86400" dinner="false">
</section>
</day>

</plan>