<?xml version="1.0" encoding="utf-8"?>
<plan name="7日游" begindate="NULL" enddate="NULL" arrive="1" leave="0" days="7" interest="13">
<day day="1">
<section section="0" begin="21600" end="43200" dinner="false">
</section>
<section section="1" begin="39600" end="46800" dinner="true">
</section>
<section section="2" begin="43200" end="64800" dinner="false">
<item mapid="145" id="351" type="1" comment="苏州大学" day="1" begin="50759" end="57959"/>
</section>
<section section="3" begin="61200" end="68400" dinner="true">
</section>
<section section="4" begin="64800" end="86400" dinner="false">
<item mapid="162" id="372" type="1" comment="宝带桥" day="1" begin="66819" end="68619"/>
<item mapid="214" id="339" type="1" comment="网师园" day="1" begin="71600" end="77431"/>
</section>
</day>

<day day="2">
<section section="0" begin="21600" end="43200" dinner="false">
<item mapid="171" id="315" type="1" comment="虎丘" day="2" begin="28800" end="36000"/>
</section>
<section section="1" begin="39600" end="46800" dinner="true">
<item mapid="170" id="705" type="2" comment="松鹤楼菜馆(山塘街店)" day="2" begin="36000" end="39600"/>
</section>
<section section="2" begin="43200" end="64800" dinner="false">
<item mapid="112" id="344" type="1" comment="山塘街" day="2" begin="39600" end="46800"/>
<item mapid="172" id="295" type="1" comment="拙政园" day="2" begin="48600" end="57600"/>
<item mapid="124" id="350" type="1" comment="苏州博物馆" day="2" begin="57600" end="61200"/>
<item mapid="121" id="347" type="1" comment="礼耕堂(卫道观前潘宅)" day="2" begin="61200" end="64800"/>
</section>
<section section="3" begin="61200" end="68400" dinner="true">
<item  id="533" type="2" comment="礼耕堂" day="2" begin="64800" end="68400"/>
</section>
<section section="4" begin="64800" end="86400" dinner="false">
<item mapid="88" id="282" type="5" comment="平江路步行街" day="2" begin="64800" end="72000"/>
</section>
</day>

<day day="3">
<section section="0" begin="21600" end="43200" dinner="false">
<item mapid="173" id="373" type="1" comment="上方山" day="3" begin="28800" end="41400"/>
</section>
<section section="1" begin="39600" end="46800" dinner="true">
</section>
<section section="2" begin="43200" end="64800" dinner="false">
<item mapid="175" id="451" type="1" comment="同里" day="3" begin="45000" end="59400"/>
</section>
<section section="3" begin="61200" end="68400" dinner="true">
</section>
<section section="4" begin="64800" end="86400" dinner="false">
<item mapid="91" id="285" type="5" comment="十全街(休闲街)" day="3" begin="66600" end="73800"/>
</section>
</day>

<day day="4">
<section section="0" begin="21600" end="43200" dinner="false">
<item mapid="176" id="489" type="1" comment="中国花卉植物园" day="4" begin="34200" end="55800"/>
</section>
<section section="1" begin="39600" end="46800" dinner="true">
</section>
<section section="2" begin="43200" end="64800" dinner="false">
</section>
<section section="3" begin="61200" end="68400" dinner="true">
<item mapid="138" id="522" type="2" comment="得月楼(老楼店)" day="4" begin="63000" end="66600"/>
</section>
<section section="4" begin="64800" end="86400" dinner="false">
</section>
</day>

<day day="5">
<section section="0" begin="21600" end="43200" dinner="false">
<item mapid="76" id="296" type="1" comment="狮子林" day="5" begin="30802" end="38002"/>
<item mapid="90" id="337" type="1" comment="北寺塔" day="5" begin="38399" end="40199"/>
</section>
<section section="1" begin="39600" end="46800" dinner="true">
</section>
<section section="2" begin="43200" end="64800" dinner="false">
<item mapid="84" id="334" type="1" comment="枫桥" day="5" begin="48485" end="52085"/>
<item mapid="75" id="258" type="4" comment="观前街(商业步行街)" day="5" begin="55139" end="60539"/>
</section>
<section section="3" begin="61200" end="68400" dinner="true">
</section>
<section section="4" begin="64800" end="86400" dinner="false">
<item mapid="729" id="335" type="1" comment="盘门" day="5" begin="67345" end="70945"/>
<item mapid="103" id="270" type="4" comment="瑞富祥丝绸(观前店)" day="5" begin="72424" end="76024"/>
</section>
</day>

<day day="6">
<section section="0" begin="21600" end="43200" dinner="false">
<item mapid="92" id="338" type="1" comment="天平山" day="6" begin="33699" end="44499"/>
</section>
<section section="1" begin="39600" end="46800" dinner="true">
</section>
<section section="2" begin="43200" end="64800" dinner="false">
<item mapid="123" id="349" type="1" comment="苏州乐园" day="6" begin="51961" end="61200"/>
</section>
<section section="3" begin="61200" end="68400" dinner="true">
</section>
<section section="4" begin="64800" end="86400" dinner="false">
<item mapid="106" id="271" type="4" comment="观前土特产商店" day="6" begin="71204" end="74804"/>
<item mapid="712" id="473" type="5" comment="洛七慢递" day="6" begin="74947" end="77259"/>
</section>
</day>

<day day="7">
<section section="0" begin="21600" end="43200" dinner="false">
<item mapid="146" id="352" type="1" comment="苏州动物园" day="7" begin="31220" end="34820"/>
<item mapid="85" id="292" type="5" comment="中国昆曲博物馆" day="7" begin="35161" end="41153"/>
</section>
<section section="1" begin="39600" end="46800" dinner="true">
</section>
<section section="2" begin="43200" end="64800" dinner="false">
</section>
<section section="3" begin="61200" end="68400" dinner="true">
</section>
<section section="4" begin="64800" end="86400" dinner="false">
</section>
</day>

</plan>