<?xml version="1.0" encoding="utf-8"?>
<plan name="2日游" begindate="NULL" enddate="NULL" arrive="1" leave="1" days="2" interest="13">
<day day="1">
<section section="0" begin="21600" end="43200" dinner="false">
</section>
<section section="1" begin="39600" end="46800" dinner="true">
</section>
<section section="2" begin="43200" end="64800" dinner="false">
<item mapid="175" id="451" type="1" comment="同里" day="1" begin="50400" end="64800"/>
</section>
<section section="3" begin="61200" end="68400" dinner="true">
</section>
<section section="4" begin="64800" end="86400" dinner="false">
<item mapid="75" id="258" type="4" comment="观前街(商业步行街)" day="1" begin="72000" end="77400"/>
</section>
</day>

<day day="2">
<section section="0" begin="21600" end="43200" dinner="false">
<item mapid="171" id="315" type="1" comment="虎丘" day="2" begin="28800" end="36000"/>
<item mapid="112" id="344" type="1" comment="山塘街" day="2" begin="36000" end="43200"/>
</section>
<section section="1" begin="39600" end="46800" dinner="true">
<item mapid="170" id="705" type="2" comment="松鹤楼菜馆(山塘街店)" day="2" begin="43200" end="46800"/>
</section>
<section section="2" begin="43200" end="64800" dinner="false">
<item mapid="172" id="295" type="1" comment="拙政园" day="2" begin="48600" end="57600"/>
<item mapid="124" id="350" type="1" comment="苏州博物馆" day="2" begin="57600" end="61200"/>
<item mapid="121" id="347" type="1" comment="礼耕堂(卫道观前潘宅)" day="2" begin="61200" end="64800"/>
</section>
<section section="3" begin="61200" end="68400" dinner="true">
<item  id="533" type="2" comment="礼耕堂" day="2" begin="64800" end="68400"/>
</section>
<section section="4" begin="64800" end="86400" dinner="false">
<item mapid="88" id="282" type="5" comment="平江路步行街" day="2" begin="64800" end="72000"/>
</section>
</day>

</plan>