<?xml version="1.0" encoding="utf-8"?>
<plan name="1日游" begindate="NULL" enddate="NULL" arrive="0" leave="0" days="1" interest="11">
<day day="1">
<section section="0" begin="21600" end="43200" dinner="false">
<item mapid="74" id="295" type="1" comment="拙政园" day="1" begin="28800" end="37800"/>
<item mapid="124" id="350" type="1" comment="苏州博物馆" day="1" begin="37800" end="41400"/>
</section>
<section section="1" begin="39600" end="46800" dinner="true">
<item mapid="137" id="521" type="2" comment="松鹤楼菜馆(观前店)" day="1" begin="43200" end="46800"/>
</section>
<section section="2" begin="43200" end="64800" dinner="false">
<item mapid="75" id="258" type="4" comment="观前街(商业步行街)" day="1" begin="46800" end="52200"/>
<item mapid="79" id="306" type="1" comment="沧浪亭" day="1" begin="54000" end="61200"/>
<item mapid="91" id="285" type="5" comment="十全街(休闲街)" day="1" begin="61200" end="68400"/>
</section>
<section section="3" begin="61200" end="68400" dinner="true">
</section>
<section section="4" begin="64800" end="86400" dinner="false">
<item mapid="214" id="339" type="1" comment="网师园" day="1" begin="68400" end="75600"/>
</section>
</day>

</plan>