<?xml version="1.0" encoding="utf-8"?>
<plan name="2日游" begindate="NULL" enddate="NULL" arrive="0" leave="0" days="2" interest="11">
<day day="1">
<section section="0" begin="21600" end="43200" dinner="false">
<item mapid="80" id="315" type="1" comment="虎丘" day="1" begin="28800" end="36000"/>
<item mapid="112" id="344" type="1" comment="山塘街" day="1" begin="36000" end="43200"/>
</section>
<section section="1" begin="39600" end="46800" dinner="true">
<item  id="805" type="2" comment="尚品茶餐厅" day="1" begin="43200" end="46800"/>
</section>
<section section="2" begin="43200" end="64800" dinner="false">
<item mapid="77" id="300" type="1" comment="留园" day="1" begin="45000" end="52200"/>
<item mapid="82" id="316" type="1" comment="寒山寺" day="1" begin="55800" end="63000"/>
</section>
<section section="3" begin="61200" end="68400" dinner="true">
</section>
<section section="4" begin="64800" end="86400" dinner="false">
<item mapid="75" id="258" type="4" comment="观前街(商业步行街)" day="1" begin="66600" end="72000"/>
</section>
</day>

<day day="2">
<section section="0" begin="21600" end="43200" dinner="false">
<item mapid="86" id="335" type="1" comment="盘门" day="2" begin="29864" end="33464"/>
<item mapid="123" id="349" type="1" comment="苏州乐园" day="2" begin="37238" end="40365"/>
</section>
<section section="1" begin="39600" end="46800" dinner="true">
</section>
<section section="2" begin="43200" end="64800" dinner="false">
</section>
<section section="3" begin="61200" end="68400" dinner="true">
</section>
<section section="4" begin="64800" end="86400" dinner="false">
</section>
</day>

</plan>