<?xml version="1.0" encoding="utf-8"?>
<plan name="3日游" begindate="NULL" enddate="NULL" arrive="0" leave="1" days="3" interest="12">
<day day="1">
<section section="0" begin="21600" end="43200" dinner="false">
<item mapid="856" id="295" type="1" comment="拙政园" day="1" begin="27000" end="37800"/>
<item mapid="859" id="350" type="1" comment="苏州博物馆" day="1" begin="39600" end="45000"/>
</section>
<section section="1" begin="39600" end="46800" dinner="true">
</section>
<section section="2" begin="43200" end="64800" dinner="false">
<item mapid="83" id="283" type="5" comment="吴苑深处书场(评弹博物馆)" day="1" begin="48600" end="55800"/>
<item mapid="88" id="282" type="5" comment="平江路步行街" day="1" begin="55800" end="63000"/>
</section>
<section section="3" begin="61200" end="68400" dinner="true">
<item  id="514" type="2" comment="陆稿荐(卤菜小吃店)" day="1" begin="63000" end="66600"/>
</section>
<section section="4" begin="64800" end="86400" dinner="false">
<item mapid="75" id="258" type="4" comment="观前街(商业步行街)" day="1" begin="66600" end="72000"/>
</section>
</day>

<day day="2">
<section section="0" begin="21600" end="43200" dinner="false">
<item mapid="123" id="349" type="1" comment="苏州乐园" day="2" begin="32400" end="43200"/>
</section>
<section section="1" begin="39600" end="46800" dinner="true">
</section>
<section section="2" begin="43200" end="64800" dinner="false">
<item mapid="80" id="315" type="1" comment="虎丘" day="2" begin="50400" end="57600"/>
<item mapid="112" id="344" type="1" comment="山塘街" day="2" begin="57600" end="64800"/>
</section>
<section section="3" begin="61200" end="68400" dinner="true">
</section>
<section section="4" begin="64800" end="86400" dinner="false">
</section>
</day>

<day day="3">
<section section="0" begin="21600" end="43200" dinner="false">
<item mapid="93" id="339" type="1" comment="网师园" day="3" begin="27000" end="34200"/>
<item mapid="145" id="351" type="1" comment="苏州大学" day="3" begin="37800" end="45000"/>
</section>
<section section="1" begin="39600" end="46800" dinner="true">
</section>
<section section="2" begin="43200" end="64800" dinner="false">
<item mapid="73" id="294" type="1" comment="金鸡湖" day="3" begin="52200" end="64800"/>
</section>
<section section="3" begin="61200" end="68400" dinner="true">
</section>
<section section="4" begin="64800" end="86400" dinner="false">
</section>
</day>

</plan>